every time there s an update it doesn t work.,b
when i click to cast my screen from any of my device and select the tv it connect and then immediately disconnects. i ve download the latest version and tv firmware updates.,b
can only change volume when screen be on.,b
in the past i used to play video directly from youtube and it work perfectly. now this be not possible anymore and here be this which do nothing else but block every 2 minutes. besides that it be not possible to lock screen or make call while play because this bright new cast the screen not a stream as the old way of cast did.,b
get chromecast when it first come out and every update have make it less buggy way easier and faster and now it work perfectly every time. awesome piece of tech,b
i update my and now the playback notification control be gone. now i can t pause play or fast forwardback an online video. fix this!!!!,b
while stream my audio will cut in and out or just completely go out and if the audio return the av ratio be off by many second,b
it just stop work today. i factory reset everything and uninstal and reinstal the . it be just not be recognized. after the first step of the install,b
the quit a lot. not force quit just stop casting. first it ll be invisible on my phone but keep play on the tv. then it ll quit on the tv. so annoying to have to keep pull it up again and again. wouldn t recommend,b
on my sony xperium z3+,b
it over heat and no longer will cast anything and the chromecast now isnt even recognise by my phone. it say it cannot connect to the internet. and something inside of it be loose or broken. probably from it over heating cuz its cheaply made. i barely used the stupid thing and less then 6 month later its garbage. i want my money back. i feel completely rip off. id suggest buy a medium box instead of this peice of. google have no customer service. i have send message and no response back. bs!,b
you should be able to simply connect direct from your phone without internet or wifi,b
constantly wifi bull,b
resolution quality change \u0026amp; bug audio stick add audio equalizer,b
chromecast be buggy since a recent update it now show cast mp4 movie at the wrong aspect ratio. this cause everything to look squashed horizontally e.g. person look thinner than they be . this bug hen regardless of whichever i m casting from bubbleupnp or plex for example. please fix this!,b
latest update and chromecast audio be now a sad mess. randomly disconnect from the device leave you unable to control music without manually reset the . music doesn t load and start playback half the time. google play without cast work fine so this be entirely in the cast . do you guy beta test anything you release? device be currently a waste of 35 bucks. review change when and device actually work again.,b
didnt work will try again,b
still no search functionality for canada.,b
why can t i cast the screen anymore,b
can t say,b
samsung galaxy tab not optimize yet inwish i can use it,b
i have the first gen chromecast and store it one i purchase a mini pc android device for my tv. the mini pc stop be able to use the hulu . i hooked my chromecast up and download the to my first gen tab 3 and it doesn t work. also try it on my old note 2 my old grand prime and nothing works. i also do a factory reset before try to cast with each device.,b
wont let me cast,b
doesn t play all video in chrome window,b
now i can t even cast youtube. used to be flawless about one year ago and never cause an issue. now a simple connection can t be make get stuck all the time.,b
any nexus device will not connect,b
doesn t work,b
when i try to screencast it barely work and that s if it even works this need an update asap,b
i use chromecast almost everyday. the last update really help smooth out some of the bug,b
intermittent lock up and freeze require reboot every other time i use it. when it work it s great.,b
haven t have any problem and be used it for over a year. note 4,b
have issue keep it connect and casting,b
after eight hour of just get the message device miss i give up. obviously a complete waste of money.,b
my chromecast win t cast even though it say ready to cast,b
for serval months it s working good.after that i having connection problem it s not identify my wifi i try to connect it many times but the problem still the same ðŸ˜¥,b
but now i may have to kill her my chromecast that be . used to work like a beaut now hardly ever work at all. have triple check every setting on my wi fi to ensure all be good on that end and it still win t connect properly. think she s about to go in the garbage,b
i have the newest version of the chromecast and i use youtube a lot but i m have trouble cast to my tv i gotta press the cast button 3x just forth to work i have restore the chromecast still do the same thing delete the still do the same thing i use my original chromecast nothing wrong just my new chromecast have bug please fix it,b
since 1 2 week there be no more sound when i cast the whole screen? it do work before! please fix it asap.,b
win t connect my phone to my chromecast device even though it s on the same network \u0026amp; other device have no problem connecting.,b
do this work of the internet on phone or do i need extra internet for chromcast,b
why be google cast oftenly disconnect if used the screen cast option and my tablet suddenly restart after the disconnection? please fix this immediately. thank you.,b
great functionality but limit by google to require internet. as a portable device to use anywhere it would have be great e.g. in hotel at relative house without internet in remote location etc,b
it simply doesn t work. i don t know why it cannot connect with the chromecast device. the only feature that device have be to make me angry.,b
be very unorganized need to have a tv menu for content off of mobile device like le tv. glitch when try to cast off some s the show or movie work great in but will not cast. need more free content why try to charge for so much again compare to your competitor le this be a sub par device!,b
it barely even work,b
for some mysterious reason the device i want doesn t show up and then i have to uninstall chromecast or netflix or both over and over until finally i get the device name i want to use. very frustrating.,b
wont let me mirror my tablet,b
we keep try to watch video then we get knock off very frustrating i have a top of the line router with 100m service there should be no excuse for that to constantly hen.,b
it s not let me do anything anymore.,b
why do it come up with an error msg when try to cast from the bbc iplayer? no problem with youtube or filmon.,b
it work great on all of my other mobilize device but it just stop work on my galaxy 6 edge. it act like it be ready to cast and even display to the tv but give an error on my mobile that it can detect a device????? this need to be fixed.,b
i have used my chrome cast for awhile now but within minute of connect it say cast screen have stopped. it s not too often i can use it anymore. i used this for all my tv view pleasure. please help me fix it.,b
win t connect to latest version if air server which support .,b
mirror anything on your cellular device to the big screen with no complication great work!,b
but please add a way to use audio on your phone while cast on screen.,b
great creative device but need a lot of improvement as sometimes cannot connect to wifi and doesn t show available wifi. please provide some update,b
win t pick up my device ever since i upgrade to a samsung s7.,b
stick on connect to chrome cast so i can t set it up. even on new phone that haven t be modified.,b
i want chromecast to be fully functional offline,b
about a month ago i start have issue with my chromecast connecting. i have 2 of the first generation chromecast and never have a problem. now i can t cast my screen at all they don t even show on my computer anymore. netflix seem to work almost all the time as do shomi but youtube be hit and miss. what hen i ve try factory reset go through all the troubleshooting advice and no luck. fix whatever you do to it so i can love it again!,b
this recent update reverse the improvement to remember your home device and now require pin entry once again be a huge drawback. sadness.,b
cast to tv wouldn t work after update but google s support help get it go again! thank you!,b
work perfectly smooth,b
best apk ever! i wont give up with the apk!!!ðŸ™ŒðŸ™Œ,b
i like it for netflix however it go out almost every other day and i can t connect to the tv. so i have to remove it and install it again. it work well after i do that. it s just frustrating but overall it s a good fit for me.,b
please update this . i never have any issue until recently when it stop show me the cast option in the drop down menu and when i use our other phone a galaxy s3 it give me yhe option but doesn t ever cast screen. it say its connected when its not and then when i try to disconnect it wont. in other word this have turn to crap and need a better update.,b
i have to uninstall and reinstall it every time i want to use it,b
why take away such a great feature i can t hear anything through my phone ever since update to android 6,b
used to work fine now constantly on cast but will not show on tv.. will not disconnect.. please fix,b
work awhile ago now it just disconnect every two second,b
e x c e le n t e,b
even when it isn t screening it s say disconnect and it win t! therefore i can t cast!!!!,b
but cant screen cast. plz fix it,b
all these day it work well.. now suddenly it pop up message your chrome cast be manufacture for a different country sucksss,b
for fix all issues.,b
this ethiopia internate be a luxary.. so please enable cast screen for local medium i know it work on android os 4.4.2.. mine be 4.3.. screen cast doesn t work,b
sometimes buffer,b
i think it be go to be for all phone but i guess not the only thing that work for me be youtube \u0026amp; netflix.,b
please update it to support marshmallow. cast interruption problem,b
previously rave about chromecast and have always recommend now? no! audio have fail completely! factory reset win t solve the problem. not to mention the screen only cast for so long. the past few update have render it obsolete. look like i ll be order myself a fire stick now. sort it out google!,b
nothing but problems. can t find my device when it s already playing. create 2 different name for the same device. crashes. what good be chrome cast if it can t be set up?,b
i give it a 1 because up until now i very hy but then thing changed. i have no idea my smartphone be be used as part of the circuit. as long as you have an android phone it work great as it do for me. then i change to an iphone and it be now a real pain in the neck to use.. my iphone be now my remote. it s pretty hard to find a movie on that tiny screen. i have over a year of use but still feel cheated.,b
my cast just stop cast no reason why?,b
really like it! cast youtube and netflix work very well and easy to use. only thing that prevent me from give it 5 star be that i cant screen cast on my phone or ipad air. when i try to cast on my phone it disconnect and on my ipad there be no option for it. but still like it,b
set up time less than 2 mins start stream tour android screen photo movie compatible s like a charm. clear no lag.. can t get smoother than this. a great product to convert your non smart tv to a smart one in just 3k rupees. recommend as a strong buy to seamlessly connect your digital device to your tv with ease without wires! now that s go digital!,b
after the recent update the connection keep dropping.,b
we be unable to cast screen video of my mobile ..please guide me how to resolve this,b
a lot better be expect from google. we should be able to select the quality of video that we want to play. but google force us to watch a certain quality video depend on our connection speed.,b
work for about 4 time and have be try to troubleshoot for several weeks. very disointed.,b
connect easily and work exactly like it say just start an press the button and do that simple no lag too and i like the what s on feature,b
it use to play fine but now it keep freeze \u0026amp; drop my cast. i have do everything the tech person have tell me to do but nothing works. they say it must be a bug with the . if you guy actually read these please fix!!,b
older version of chromecast worked better for me. newer version fails often! why fix what ain t broken??? ðŸ˜¤,b
the overall connection be a bit weak it drop and ill have to restart the connection and will keep play off your phone even if the isn t on.,b
i upgrade because chromecast constantly have problem start up and connect to youtube. surprise surprise the new one be worse than the old one.,b
can give more control s on phone,b
gallery crash every time i try to mirror screen.,b
if have a nexus phone cast connection much faster even if you have new 4k tv which have cast but google always better highly recommend,b
it s not work on my samsung galaxy note 5 run android marshmallow when the device be plug in a tv. although the show the chromecast device in device it say unable to find a compatible google cast device when i try to cast. it work on my ipad and samsung tab 3 run android kitkat.,b
i have a galaxy s5 and can screen mirror any content on my phone. now that i m on s7 edge that option isn t available. pointless without this option in my opinion,b
workec great for awhile. but now it will not stay connect to the tv no matter how many time i refresh.,b
hi google team all my device can t detect the chromecast after update pls solve it,b
lag lag lag,b
it work fine for the time that i want to just mirror my screen. buy the 2nd version of the chromecast. my preference be to not mirror my screen because it show all notification and it seem my screen have to remain on which be frustrating. if i have local medium i use allcast or localcast. side note if you use es file explorer they offer a chromecast plugin that work fine no lag . it require you to have the video for example on the device or i suppose through a medium center. solid explorer have a chromecast plugin as well.,b
have this for about a month work when i first get it update it when need now black screen reboot and factory reset numerous time and still nothing when it do decide to work it do not work for long halfway through cast the screen go black sent feedback and not hear anything back typical! start to wish i have never buy it now please fix!,b
netflix have issue,b
stay connect for about 15 seconds. it continue to play but you can t control it,b
used to work perfectly but now after the update it can no longer cast on my tv,b
my phone can cast to my smart tv perfectly fine but this can t. it can t find it on the same network and no longer let s me connect to it over my hotspot.,b
all feature work well on samsung s6 and s7 but the screen mirror do not work on the tab 7,b
in all of the tutorial that i have watch everything that i have read about google chromecast not one time in the last 3 month do it ever say that i need to have internet in my home for my android to send the signal to the chromecast device stupid and dumb,b
info image product perfection,b
i can t mirrorsync my phone to my tv anymore. crave and all other chromecast friendly s work. anyone why i can t get connectivity from this anymore?,b
it would be better if i can actually use the photo with the chromecast not only on this device but also in my two other smartphone or my family s devices.,b
you dont have to switch to the input where the cast it just turn on,b
barely work after few month,b
each time i run it on my galaxy note 10.1 run kitkat it stop working \u0026amp; force restart,b
netflix be repeatedly not work with chromecast. the reason why i purchase this be to view neflix on my tv not my mobile phone.,b
only work sometimes.. very inconsistent. .,b
doesn t see wifi network,b
best one to use trust me. just get to reboot ever now an then.,b
it win t cast my android screen,b
don t know why google can t leave stuff alone this work great now can look at anything other than the cast without it crash,b
after the marshmallow update it s not detect chromecast while my other device such as window can,b
the cast screenaudio function be completely break for me. no problem with internet connection as netflix and youtube work perfectly. every time i try to use this function the video stop playing while the sound continue or both stutter continuesly. it used to work better before the last update but still want great.,b
great but some time i cant connect my phone or tablet to it,b
i previously love this .however it no longer cast on the screen. it say it s casting but it be not.. please fix,b
work great on windows 7 pro laptop upgrade to window 10 pro now cannot find chromecast devices..,b
why do we need wifi,b
the program lag and disconnect all the time.,b
can t figure out why it work one moment then the next time win t. just get a smart tv,b
i have a note 5 and a s tab that both have the smart remote already on the phone. i use it more than i use my remote. the problem be when i can t somethin to the tv the remote will automatically change channel or source or the menu screen will come on. this be very frustrating and be start to piss me off.,b
photo slideshow speed be slow,b
cast screen function not work from galaxy tab a other function be ok,b
why will this only work on my samsung tablet ?it wont stay connect to my samsung phone an win t connect at all to my laptop or kindle please help ..,b
lg v10. google cast keep disconnect and i can t control what i m watching.,b
cast movie from samsung note 10.1. the be great but a big but the sound and video be not in sync.sound ahead of the lip by maybe half a second. un watchable i be sorry to say. it have not improve since i complain about this a year ago. 10m customer and you googler should fix it.,b
used to work pretty good. now only work with youtube. hulu can t find the device. can t cast the desktop. no s what so ever. except youtube. screw this. more headache than it s work. by the way i m used a chromebook.,b
the cast screenmirror option rarely works. it used to work great but with recent upload it hardly ever work properly. will kick you off randomly end the cast when you navigate away from google cast . i would rate higher if this be fixed. i feel it doesn t do what it advertise where screen cast be concerned. all else work fine.,b
chromecast work great and then after an update and the change to it rarely work anymore,b
i can no longer cast from within s. only screen mirror works. youtube netflix etc no longer have cast icons.,b
the thing be work completely fine one minute but then decide that it didn t like my phone or router because it refuse to connect to both even though i m putt in the correct wifi password.,b
chromecast keep lose connection when watch a movie. very frustrating!!!,b
samsung edge s7 win t cast internet video or hbo go whereas it use to be able to and it use to work great and now something prevent it. cast screen icon be no where to be find from where it be previously . cast screen still work with google owned company like youtube free trade violation? my old samsung galaxy s5 phone doesn t have any of google s update and it still cast everything to tv. recent update have make chromecast useless don t buy a google chromecast .,b
i m constantly have to restart my phonereset the chrome cast. pretty much anytime the device have be in standby when i get to connect it connect but when i try to stay medium through youtube it will just stay stick on connecting. i ve see it to this with sotify as well but the as about all i use with my chrome cast. i don t use netflix anymore but when i do use it a few month ago i didn t really have these issues. also should be note that this start hen on the version 2 chrome cast.,b
the only it s support now be youtube. no cast icon in google play netflix hulu hbo etc. not worth it.,b
shift it docent work on my tab fix or no star,b
a full screen ad randomly pop up during setup be very intrusive unintuitive and a big f you to your users. bad google.,b
for be the main for chromecast and be a google much improvement can be make specifically the cast screen option. between the constant lag and buffering i be on the verge of turn green and hulking out! please fix and you will get 5 stars. have same problem on the last 6 different phone i have own so i know it s not a device issue. come on google you can do it \u0026amp;gt; i believe in you!,b
cannot cast as the connection keep drop or it win t even connect to my chromecast device. very very annoying.,b
beware of overheat with the second gen chromecast. i have this problem start today and although audio still work video go to black screen with no visual output if the device get too warm. i ve have to solve it with a desktop fan blow on it on very hot days.,b
it be work great before the update now i can t cast anything and it win t connect to my wifi i lie it do connect then it lose signal fix this crap! i be really enjoy chromecast with my family and kid,b
audio go in n out please fix,b
i always have to reset up my device or have to delete my and re install in order for it to work. ðŸ˜Ÿ,b
love chromecast. since last update it have be buggy. please fix,b
so i ve have my chrome cast for around 6month when i first have it it connect perfectly it be fantastic but slowly it start bugging drop connection or not connect now it s completely stop working be say it s stream but nothing ears on my screen i love google product but i m seriously disoint with this!!,b
be excellent now i ve get 5ghz broadband the chromecast will not connect now completely unusable. ive try go back to 2.4ghz no good either. be there a fix come or should i put it on ebay?,b
it no longer casts my phone?? used to be great now its awful ðŸ˜¡,b
i pay every time for the just dance and it s always freezing. i truly feel like a refund be necessary ..google cast be bs,b
really great stream device have 4 of them!,b
for something that small and with such limited used it can only be classify as an expensive gadget. there be really little you can do with this and while if like me you buy the item for just the one reason then that s fine but don t be hope to get mich out of it without have to pay for many different service every month.,b
after the new update it stop working and give this error you chromecast be manufacture for a different country . in your update you say bug fix and performance improvement !!!,b
this sucks. chromecast doesnt work,b
randomly lose connection and video continue to play but i can no longer control it.,b
purely random if it work with chromecast audio. used google play music it connect but then all i get be an error state it can t play the request track. stop cast plug the tablet in to the cable via the headphone socket no error play fine only get it when i try to cast which be the whole point. very frustrated.,b
can lay in bed and watch anything i want and don t have to get up to change the channel,b
i can literally mirror everything from my phone onto the chromecast without any lag as well!,b
doesn t work say it be all hooked up then it wouldn t link up,b
last time i used this i spend more time reconnect my device to the tv than i do watch my show,b
control in the notification panel keep disearing. if you wait a little while after play anything you lose the ability to control the playback. reopen the doesn t resolve it and you must resort to used this to control. even that be limit to pause and stop. very very frustrating.,b
not work with update version of netflix please help,b
connect or disconnect automatically,b
it s suck if i can t connect to the near by devices..it suck,b
i don t want to download s to my phone to be able to watch tv that s what remote control be for. i m return it back to the store because of it.,b
hard to use. cant cast to my tv while im used my samsung j5. i think this be useless,b
this be a 5 star i even get one for my mother after i try it. it be dependable and it work as advertised but it suddenly stop work after the june update. the chromecast be not recognize in the so mirror be impossible and it would only stay connect in other s like netflick for a few minute at a time. when i try to set it up again the would not recognize the device so now it do not work at all. the one i get for my mom have the same trouble. we miss our netflicks!,b
used original chromecast then use older version because this one suck and freeze constantly during setup and fail to find device or loose connection constantly.,b
all lock up to google device only. win t work with any generic standard or devices.,b
i actually don t know whose fault it be but when i try to connect to bbc iplayer 70% of my time be work through glitch start restart rebooting. buy an amazon fire stick last week and that s become my go to medium friend. my chromecast may not get used at all soon. please sort it out. i have the old chromecast,b
under normal circumstance i would rate it as a 5 as i love that i spend 40 buck and didn t have to buy a new tv to connect to thing like netflix and stan. but in the last week or so i can t connect netflix to my chromecast through my tablet or handset it just craps itself but stan works. no this isn t a geoblocker proxy error courtesy of netflix it try to connect but just kind of give up be this an update thing?? it work fine a couple week ago. help! or sort out the last update,b
ever since the last update my phone win t connect. please fix this!!,b
i have a perfect wifi signal and it still doesn t work. worst money ever spent. if walmart would accept electronic to be return i d return it and get my money back. this be b.s.,b
cast feature be not working. it wont find device to cast or connect to.,b
win t even download.,b
do the cast screen not working have to do with the wifi right? just ask,b
good for chrome,b
doesn t work without an internet connection!!! this be poor backward thinking! the hardware and sofor the winare can all work perfectly over wifi without an internet connection. why why why do you force it to maintain one??? please don t follow le s lead to dictate ridiculous limitations. there should be no need for you to need to have any internet connection let alone a constant one. this be so limit cripple my $58 purchase of a new chromecast into something that be only worth about $15 to me.,b
up till recently it work on many site but in last few week chromecast icon have diseared. why? force to use mirror mode which be slow and cumbersome why?,b
fail to stream. used to work flawlessly but now it s in an endless loop of try to connect.,b
it allow us to connect with two more tv s but the audio be not enhance and sometimes it give us delay of about 5 6 sec,b
be there a way to select resolution of youtube video while play on chromecast ? for example i want to select 360p instead of 720p or 1080p for a video while play on chromecast to decrease buffering period but i can t find such option,b
i no longer can mirror from my tablet or phone. what be the problem,b
very disoint with google. i have a gen one chromecast and with the new update it have lose all ability to connect. now some have say it be the internet but don t be fool it be not your internet my chrome cast find my wifi just fine and my phone be clearly connect but the won t find my chrome cast.. if google be go to pull crap like stopping support for older model in a bid to sell the new ones.. well i may have to switch to le.,b
it s good but every time there be an update it mess it up fix the problem and stop mess up the cast when it be work fine in the last update,b
either fire your qa person or get your act together. all recent google update have break all functionality!,b
update volume control no longer works. why remove functionality or allow your partners to? also why not allow for directly entering the ip information in the clients . having to be in the same broadcast domain is windows bs from the 90s. if ms finally figured it out you can as well.   original please allow the to function when the phone is providing wifi for other devices.,b
disconnect randomly,b
my mobile lication cannot find any chromecast device while on the tv screen my chromecast be show set me up be it the chromecast device or the please reply asap i have be see this trouble since past 7 month ! my chromecast work only once ! please do something while you can !!!!,b
you have to exit and close the youtube around five time before it will connect.,b
crash a lot,b
i have the older generation chromecast and it used to work perfectly. since the last update it s have problem connection to the device. i ve try from my android device and my computer and it doesn t work well at all. please help google!,b
it mostly doesn t work,b
need to keep reset my device. please fix.,b
how in the world can i not simply cast my phone screen to this device. i buy it because i m in a place without wifi and i think i can screen mirror my phone and use my datum to watch netflix. nope. so half the convience and eal be gone.,b
win t let me cast to screen,b
i get google cast and it work for a month. i can cast from netflix cast from youtube and even cast my device screen on my tv. recently i update to marshmallow and although i can still cast from youtube i couldn t cast the screen of my device. 3 star for partial functionality. google should fix this and come get the six star it deserves.,b
have to restart,b
screen cast not work from nexus 9,b
please fix!!! after the last update none of my device be discoverable! i have try reboot turn wifi on and off even reinstal the ! please help.,b
. win t work.,b
buenisin my opinion,b
be great for a few months. now can t connect at all. be it a recent update that screwed it up?,b
wont stay connectedperiod. now both old and new version be apeice of crap. tire google acting like its not their fault,b
upgrade ruin screen mirror,b
just buy some unknown brand stream device. probably a lot accessible. 2 update since everybody s unable to cast online content still not fixed. say they look onto it but and yeah they just look onto it.,b
update break s ability to see my chromecast,b
win t even recognise my wifi with correct password anymore. so bad i m think about crle tv which i can t afford,b
sometimes it cast but many of time it doesn t since this update! really piss me off!,b
it just play the same mess my playstation and tv do can t play showbox or other thing i want a waste of 35 buck take it back,b
last update make it useless,b
pic castigate video from phone be horrible,b
sometimes it work sometimes it doesn t. it usually mess up during a good netflix or hbo now marathon. i will try a stream device to eliminate used my phone. mostly hate it customer service be horrible!,b
i seem to have to open re open close recast in the youtube to keep the queue connect with the chrome cast device need to be more reliable,b
i ve have two cast device for a couple of year now. never have an issue with them until it update to google cast. set up fail everytime. i have do everything from factory reset of my cast device router modem even go out and buy the 2nd gen chromecast still fail during set up. i have be unable to use my chromecast for months. you have person that have spend money on medium and can t watchlisten to it. it s ridiculous at this point.,b
when cast mobile doesn t work it take too much to disconnect signal.,b
everytime i even attempt to watch something. i get shower with pop up then it force quits. waste of space.,b
sporadic resolution,b
no workee anymore on lg g4.,b
yea.. only work like half the time. think i break it when i try to cast my nudeness in all it glory.,b
too difficult to connect,b
wonder how bad the first device was. everything about google cast be riddle with bug make it crash stop playing lose connection etc. i have yet to watch an entire movie without technical issues.,b
spotify no longer show google chromecast in the device list after recent update. work great before that,b
take like 2 month to connect to a device fix this problem,b
so after the awful update why be it that none of my google cast s work with chromecast. to cast video and photo i need separate third party s. not cool and very frustrating. i used to recommend this to a lot of people. now i dont recommend it at all.,b
such a hard time connect with netflix to my first gen chromecast. both s update and still.,b
crash on my kyocera hydro icon,b
i continue to get an error 16001. netflix win t stream to my new chromecast. every other works.,b
initially when first install it work great. as of late i can no longer connect to pandora and it keep disconnect from netflix. please fix!,b
bur while the hell can i not mirror my device? its great for watch video but it will not allow me to access all of its features.,b
i hate it . i waste my money and see its useless. it be connect for only 3 seconds. i wish this comment to be send to the vendor.,b
stream only last a 30secound if i m lucky and it disconnect from the internet and reconect non stop,b
put miracast support back in marshmallow!,b
this be one of the most frustrating google services. crash lag video playback be a hit or miss. need more update,b
keep disconnect often i have to reset almost every time i used as today 71416 officially dead i will switch to a better system to stream,b
pos hard to set up and then win t even cast google s own flag ship browser totally worthless!,b
why can t you have a minus rating so we can give a more accurate review. as useful as a chocolate tea pot. i can t believe you can t fix such a minor problem as connect 2 device together. i can connect to my other phone but not this device that have be specifically design to connect with each other. you would think that with the huge amount of money they make they can pay some school kid to fix this problem.,b
i can t connect at all after the update,b
i cant even cast my screen,b
any time i want to watch netflix on my chrome cast i have to uninstall it and reinstall it each and every time. i will lose connection for some reason while i m watch a movie or show and then i have uninstall and reinstall over and over. i ve have this problem since about a month after i get the chrome cast and i get it in december 122515 .,b
it win t cast on my phone and its not even an iphone,b
didn t find my wifi on galaxy s7 edge. i used the laptop to the setup.,b
work better before update,b
it s not get connected. it show cast screen option and the moment i click it. it get a blank tv screen and the lication say disconnection. need to fix.,b
the very nature of this system mean it should understand virtually any video and audio format you throw at it. alas google have decide to only support a pitiful handful make the whole system next to useless. have some avi wmv divx mkv etc etc file you want to view on your tv? forget it it only support a couple of formats. and even if you do have a file it understand you ll probably get no sound as it only understand a pitiful variety. no dolby digital or dts support etc etc. don t waste your time with this system.,b
work well on sgs5 and sony z. note 10.1 2014 freeze and shut down make it unusable when casting. all other s work ok,b
i have a nice sammy note 4 phone and the latest chrome dongle. i get them to display the big blue logo on the tv but that s about it. it doesn t work. save yourself some hair and an hour off your life you cant get back. don t install this,b
we used to have a computer and wireless keyboard and mouse. they be always run out of battery and be never where we need them. now with chrome cast we have everything at our fingertips! i always have my phone on me! we like this product a lot and have not have any problems.,b
this thing be drive me mad. it work for a couple of month then just stop connecting. i reset it via the unit and reconnect it. nothing. totally bloody hopeless load of crap. i m used a gen two.,b
after successfully set up chrome cast the loose connection. the chrome cast stream effortlessly.,b
i buy it a month ago it be work nicely until the last update it want my location and always tell me it will not work because of my location i live in kuwait please fix this problem,b
win t stay link to wifi boot out 5 min or less .,b
i can connect my lg stylus dab+ phone but cast only last about 3 4 minutes. why?,b
since update it no longer recognise my device. i ve try re set it back up but still nothing. absolutely waste of money and plastic.,b
ok here be the issue of have a htc desire 626 and try to use chromecast device. it win t work with just the htc 626 desire phone you need a separate device or have home wi fi installed. htc have its own device similar to the chromecast but not sure if it s worth the price though and know chromecast can be used by more than one brand device. but two device be require for the htc 626 desire phone. i use my samsung tablet that have no wi fi on its own and have to be a wi fi for it to connect to.,b
it be a good to use from any remote device to cast screen on your tv but sometimes it really irritate the user when say device miss even when the device be turn on and can be add from another devices. need to be fix soon,b
it stopped!!!! why???? be good now will go to refund it angry,b
it function fast if you have the proper devices. doesn t cast to screen very well from samsung tab 4. have issue with casting video from chrome. the icon for cast a video from chrome or other browser on android do not ear. all other s work fine. will heat up a bit when cast screen.,b
rubbish,b
i ve have 2 chromecastaudio device and for 4 month awesome. now i struggle to find the devices. i have try all the recommendation to limited success. sometimes i see one sometimes 2 but more often none. i have try various tablet and phones. one that work today doesn t work tomorrow. google great product when it work please fix.,b
it be fine last night. now my device can t find it. un install and reinstall but now my device say i m connect but nothing be casting.,b
let us cast our phone screen with wi fi direct eliminate the need for internet by the chrome cast. piss me off to need wi fi to cast to my tv. this suck as is.,b
it s ridiculous that i must have a wifi connection to cast. i have an android phone and i m try to connect to a google cast with my unlimited data plan so i can watch a movie from netflix on my tv. i ve spend a few hundred dollar on the galaxy note 5 and the cast dongle but i still can t screen mirror without a freaking wifi connection? worthless.,b
never connect to chromecast and just act like it be but the play window never pop up. cannot cast to any device now used any program that s on the play store include local cast with my primary casting .,b
i buy a sony wireless speaker with build in chromecast audio support big mistake. it should never have be certify buy google. it be rubbish always drop connection or worse cannot even create a connection and i have to continuously reset. it also win t let me create a group with my cast audio dongle. i m guess cause sony be so slow to update firmware to latest cast version.,b
have used it alot but at some point i begin have trouble chromecast will lose connection to netflix the show will continue but i can t control it.,b
win t stay connect to pandora..or be recognize as an option most of the time.maybe time to move on to something else..,b
do not recognize newer tablet,b
it give more trouble than it solve u.u and i like google service but this have be a nightmare,b
don t buy one completely useless on any device,b
i follow the step exactly and it can t find the chromecast. i set it up for my laptop so i know it works.,b
pain to set up keep disconnect my wifi and then win t set up because it can t connect to my network. waste of time and money better to invest in smart tv dvd player with wifi or roku.,b
absolutely no complaint have it on 3 device dont know why it doesnt have a five star rating.,b
bug bug qe plante,b
to all samsung s7 edge users. dont buy chromecast. waste of money. doesnt work on my samsung s7 edge. always disconnecting. can not do mirror too on samsung s7. biggest regret buying this.,b
the only problem be to slow be,b
win t show up on my samsung s6. factory reset only to get all sort of error messages. i spend more time set it up than actually watch anything on it and that s when i m lucky. even connect to help center to assist with all the problem be another freaking problem. freaking piece of crap.,b
really disoint in google lately. chrome cast disconnect constantly their music win t work unless you restart it youtube be absolutely atrocious recently and they don t seem to care.,b
do it need wifi,b
this doesn t work keep disconnect and turn off on its own if possible please fix,b
waste of money. couldn t connect to my s7 edge note 3 and samsung tab 2. greatest regret buying chrome cast. bs!,b
ask for a lot of personal datum that it don t need. and last update break my connection with 1.gen cast dev.!,b
i use hulu and netflix connect to my chromecast to watch show on my tv. recently i experience get disconnect all the time. the show still play on the tv but if i attempt to pause or rewind or forward it my phone be no longer connect to chromecast. if i get connect again it do not even resume to the last scene shown. this be so frustrating!,b
just another way for google to make money! i constantly have to restart the unit unplug it or throw it across the room. when it do connect it work great what the fuck google!!!!!!,b
great function,b
thus be the worst device that google have make,b
good for big screen browsing.,b
have to factory reset phone now all i get be the let s set up your chrome cast or link backdrop popup,b
whenever try to connect the screen it be not earing..,b
i have just spend more than an hour try to reconnect to my first gen chromecast after it be updated. none of my device can find the chromecast to allow me to cast to it. i try a reset but it be still invisible to setup and casting. online research show many other have have the same issue with no resolution. thank google for a worthless hunk of plastic that be go in the trash.,b
why do they stop work it be work fine when my husband board it work on my phone and his now i don t work at all we have it for a year now it say that google can t find cast please fix the network please,b
can t get it to connect to youtube or netflix half the time. have to unplug it and plug it back in multiple time a day,b
cannot find the chromecast from my z3 compact but can screen cast used the build in .,b
everytime i go to use my chromecast both my tablet and the chromecast freeze this have be hen for the past 2 month now can you please sort this out. it really be begjnn to mw annoy at the fact that i cant even use something ive paid for.,b
continuously reset,b
only thing i hate be that if you dont have wifi its pointless. but over all with wifi it work perfectly.,b
cc version 11.67 suck always frequent disconnected and can t reconnect when used latest youtube 11.25.55. before be 5 star,b
cant create group,b
inconveniently frustrate,b
totally digging my chromecast and this associate . simple functional and straight forward. nice job google. update; everytime i attempt to stream a movie via google play movie as well as un pause a movie i have to unplug my chromecast to reset it to remove captions. frustrate because caption be off in my settings. i m reconsider where i purchase steam digital movie provider at this point since there be so many. previously 5 star now 3.,b
i can t stream video from my google chrome browser to my chrome cast,b
i like it but half of the time it fail to connect and it very frustrating and then i either have to unplug it or reset it in order for it to work.,b
it can be improve in cast with hotspot enabled.,b
why do it keep disconnect and need to be reset and factory reset all the time!?!?!,b
can t mirror lately. keep disconnect everything i try and do,b
i ve buy 5 chromecast device they be all on my network and be all working fine. i ve have no change to my network yet all of a sudden none of them will connect. the show up i push connect and i receive a message say casting have ended. this be some bs google.,b
so i uninstal it \u0026amp; download the pc version with the chrome extension. even though the size of this apk have quadruple over the year take up valuable realestate i haven t see any noticeable difference feature or improvement to the overall casting experience. the pc version do the exact same as this if not more.,b
no major issue yet,b
i would like to be able to use it on an open wifi network,b
it keep on lose connection and my phone doesn t recognize it,b
i m hy with video play but just when play music through android music player why be there a log fire all the time. can t find how to change it!,b
so droid maxx 2 chromecast barely work at all. it can screen cast just barely.the cast icon on video via chrome never show up so you can stream it to the device. also netflix doesnt get the icon on this device. i have update play service but nothing seem to work.,b
doesn t work with the xfinity network. i ll update when i have access to a router,b
be able to use but now i can t cast to my tv. i can only disconnect but then it win t disconnect. plz fix,b
the best way to watch tv 35.00 with no commercial but chrome need to fix the bug so it will connect better .,b
this s or chrome cast lag when me try to share my mobile display with my lg full hd tv this problem face only when me try to play an full hd or 720p hd quality video playing but in case of low quality video its smooth and no lag me usee 1st generation chromecast device ..,b
be unusable but now it work it still have some issue but much better overall,b
used to be brilliant but sadly doesnt seem to work since update,b
total crap after latest update,b
it doesnt work on laptop!!! please fix it immediately!,b
after july 20th update it stop detect my chromecast devices. youtube still see them,b
loose connection frequently and be jumpy sometimes. but when it work it s brilliant.,b
i have buy google chromecast2 a month ago ive already do everything to be able to cast but the cant find the device the only way i can sure connect be by root my device then install a vpn then tunnel the chrome cast via my phone hotspot with vpn on otherwise it wont work i donno why chromecast 2 restrict some country from access it this make alot of pain please update the device so we can connect to the device aswell witout set up a vpn,b
other s don t recognise it can t cast my screen complete waste of money,b
work perfectly although you don t need it that often the chrome cast itself be a brilliant little tool have change my entertainment completely don t listen to the reviews say it lose connection or doesn t work they be person with slow internet andan old not so good device and be angry so they blame the device or if you have a good internet connection and a moderately up to date device you win t have any problem,b
simplicity be the first thing i love about the cast. it s such a simple setup \u0026amp; work great with my samsung galaxy s6 my daughter also have no problem used it with her iphone. i finally can watch netflix without it freeze up on me! chromecast be inexpensive and work well! my only issue be that some s win t work with cast.. i m a horror movie fanatic and download an that play nothing but scary movie \u0026amp; when i try to watch it on tv it say that it doesn t work with chromecast.,b
great but there be a significant lag when i cast my screen,b
sometimes no work co it be weird but it hen rare,b
be work fine then one fine day screen mirror stop working. show no device find never work after that,b
this be one of the most frustrating google services. crash lag video playback be a hit or miss. need more update,b
i have minor issue with the and device but i use it everyday. i really like it a lot.,b
it work great when it works. unfortunately 9 out of 10 time it doesn t work but this be only after the latest update. the chromecast can t find the chromecast. also many other s seem to only show the cast button randomly. and the cast in the notification bar can t seem to find it any longer either.. i have a nexus 6p and a pixel c. same issue on both.,b
everything be work fine and then it just stop responding. i have reinstal the and try to look into bug fixes. when it work it s great but it need to work.,b
update and now can t find chrome device disoint,b
be work nicely for 2 month but just today it keep drop from wifi and then not able to discover devise. please fix it thank you,b
used to work flawlessly now after the latest update error occur send you target device. this hen on my note 4 my tablet and my wife s android so it s not a device issue! please fix the crap update! i ve reboot my chromecast tv and device multiple times! the only way to get this working be to factory reset the chromecast!,b
i see get s problem when watch a movie it will go out of sync why be this?,b
since update unit have be unusable be ok for seven month prior to update. try reset change wifi channel used different network and wifi hotspot to rule out router issue try different tv s and control device all the same wifi drop out shortly after connecting. exchange unit for a new one today out the box and the first thing it do be to update connect to wifi ready to cast when 15 second later exactly the same wifi disconnected. not hy since update spend money on a product that no longer works.,b
i have buy two 1st generation in past 2years both have break ! i get the new one but it do not work on the same internet spend which a ps need so i be unable to use it while someone be on a ps which be the main reason for use. i be very disoint that not only have yous change design but also change requirement so i be now only able to us the faulty 1st generation which it have now waste my money on two ! and now need a third one! be request call back but no reply,b
doesn t connect to youtube like before. i have 3 tvs with 3 chrome cast and now i regret buying them.,b
disointed!!! update now it can t find chrome device. please fix.,b
i have have this on a few of my device and always do what it be suppose to do can t go wrong with it.,b
i hear the developer of chrome cast have be block by google so that you cannot cast your own picture and movie from your phone. from pressure from netflix be this true?,b
nothing but problem since i first purchase it. constantly unable to maintain any kind of decent stream and the update seem to be completely pointless. whoever say this be ready to go on the market should take themselves off to a round room with no door sit in the corner and have a word with yourselves.,b
doesn t work,b
chromecast win t let my phone connect.,b
work well with home wifi however do not work at all with wifi direct. i prefer to use the mobile network data and not the home network which be far much slower and congested due to multiple device connected. fix this and it s an easy 5 stars!!!,b
overall we have be pretty hy. we own two and have the early connection loss issue but it s better. one issue we do have since the last update be the stop cast featureespecially with the que function in youtube. we just can t get it to stop cast without completely back out of yt open the google cast and shut down from there. not a deal breaker but annoying if you be simply look for something specific or set up a que playlist instead of it auto selecting.,b
when this work it s amazing. but too often it doesn t register the device and take age to get going. fail.,b
a must have device if you use the follow a smart phone; a tv with hdmi port; high speed access to the internet,b
i have a old chromecast and it doesn t work at all. whenever i try to stream a movie the little icon doesn t pop up in the corner like it used too. also i can t use my iphone because u guys aren t on store yet .i think i m switching to a firestick â„¢,b
this screw my wifi like bbrruuuhh,b
latency have be really bad. also it wont let me connect to my 5ghz wifi although my phone be connect to it.,b
for some reason the little cast icon be no longer available so i can no longer cast from my android phone to my android tv,b
thank for fix s7 edge screen mirror issue,b
not even after i reinstal it in my lg g4,b
this official be officially crap. it stutter and freeze even on the newest of devices.,b
used to work without internet with two phone set up but update f#cked it up. thanks. guess i have to return this pos.,b
lose picture quality on tv. i do not use chromecast for a few week and when i do use it after a few week it stop work altogether. do everything boot and re boot uninstal and re installed. not work at all!!! wish i read the report before buy it! $45 wasted!!!,b
i feel like wasted my money always crash s don t connect well with hbo have to restart it constantly get with it google,b
have trouble once disconnect to my chrome audio. i m have trouble reconnect as it s always show disconnect. i ve have to un install several time too over cone this issue.,b
be flawless for a year. last update be bad. everytime you want to cast you basically need to spend 20 minute try to get the connection back. be a great device now a piece of useless plastic.,b
this used to be a great for netflix but now i always get an error message. will not work for netflix. ðŸ˜¨ don t know what else it is good for,b
ever since the last update none of the s on my note 5 be recognize my chromecasts. i ve reset them reboot my phone nothing,b
we have have 2 chromecast work beautifully for several years. #google what do you do to ruin my experience? they will not connect without reboot our router. over the past few day we have have to do this more than 5 times. #google what be your solution because i m sit with your equipment and all i want to do be throw it out my window due to frustration. #google be the update intend to ruin my view of your brand? #google what will you do to fix this horrible experience?,b
it would be much improve if it would continue to send when the screen be off otherwise i may as well watch whatever on my phone. just a thought.,b
i think it s as good as a user s connection. i get very few issues.,b
but cannot get the group function,b
fix soon please,b
need new updates. galaxy note 3.,b
i have a note 5 that will castmirror the screen no problem but when i try to do so with my galaxy tab a it never connect to it. tried everything,b
works perfect with all s except for google chrome. come man fix that i don t need it for anything other than chrome doesn t ear on any website know matter what it is ðŸ˜¢,b
netflix start work fine and then shortly after will simply not with my chromecast anymore,b
fail,b
use it to stream tv from my laptop to the tv it work flawlessly also never fail when i stream youtube from my galaxy s6 i never update it so far im afraid.,b
after update google cast sucks. not recognize device. please take action immediately,b
its a good . but when you watch a movie online for too long the chrome cast button go away and then the only way to pause it be to either let it keep playing or stop the whole thing,b
doesn t detect my vizio tv but on the website it say the can detect it and many other that support stream and my vizio tv do,b
over all the function very well. however im hold back on the one star because almost half of the song on soundcloud refuse to cast. i know for a fact it isn t soundcloud fault because the work fine by itself so if you can fix this that would be fantastic.,b
when it decide to work it s brilliant. but. it rarely works. lagslosis connection. when you try open it through the say try turn your location on. tonight i have restart phone 3 times. restart chromecast 6 time and eventually give up. get a fire or an android box. this really isn t worth the money.,b
great that give information about your chromecast devices.,b
won t mirror cast from android phone ??? keeps saying casting ended after about 15 seconds ??? but fine from my laptop with chromecast extension ðŸ‘,b
it wont work. work once only. now no one can get it to work.,b
honestly trash now that i can t cast anything. there s no point in cast anymore. a waste of money now.,b
go to try it let you know what hen,b
doesn t work properly the video play and its not play the same time as the audio like the person be speaking but their mouth doesn t move im guess the chromecast be too slow.,b
ðŸ˜‘ðŸ˜‘ðŸ˜‘ no comment,b
it doesn t work,b
i love casting from my phone used google chromecast. however after the latest update i install today i be unable to connect or cast to my tv.,b
i d give it a 0 star if i can doesn t play wwe network or most of my favorite s 1 of witch be showbox. wast of money. i m return it for my money back that bad.,b
waste of time! only good for pic that show when nothing be on. doesn t connect and when connected show only the i m try to use!,b
i used to enjoy it but it suddenly stopped. now it don t work anymore.,b
nothing but a round and round headache!!!!!,b
need to keep reset the unit to get connect,b
for a certain website when i watch a video on the left up most corner it have the cast button or so it used to anyways the thing be i try resete chrome and chrome cast but it win t ear anymore i hate screen cast because my phone burn up. what be not do right?,b
frequently require me to restart my browser google chrome when streaming. almost always cut the stream out during the first 5sec it stream and then magically work after i restream it. a terrible offer fraught with bugs. chromecast v1 be much better,b
drop cast .use netflix drop every time annoying be this google way of make you buy latest device of chromecast? bush league .. even stall on youtube pos ..,b
purchase chromecast to stream google play movie offline. that functionality be intentionally block for unknown reasons. pretty much worthless without a strong data connection. would not recommend.,b
would be great if i can just keep it connected. the amount of factory reset i have have to do in a week be rediculous. i have the older version which be great until recently so i buy the new one worse decission i made. not hy .,b
i m hy to re rate if someone can help me. i can cast a netflix video to the chromecast but my phone almost immediately lose connection to chromecast and i can t adjust volume or pause or change what s play without reconnect and disrupt playback.,b
new version can not cast chrome browser,b
it doesn t work,b
used to work great when chromecast. since google take over i can no longer cast my galaxy s5 to the device. way to go google.,b
keep fall out of connection start now and again but now minute even just second c mon chrome,b
freeze and picture quality lower when it play again.,b
google movie win t share onto the tv!! need an update and need fixing. everything else work except google movie,b
can t mirror on to my tv,b
i love chromecast however it wont stop cast start cast on demand. often force you to restart your device several time before video stop or start. very annoying.,b
cast button on pandora disear with update. please help!!! galaxy note 5,b
for some reason yesterday i can t and now i can since i ve install the update so thank you ï¼ˆâŒ’â–½âŒ’ï¼‰,b
it s be glitch alot can t find chrome cast. just buy this thing it be work fine but now it s not function properly,b
so it work great when it works. however 9 out of 10 time it doesn t however this be only after the latest update. the chromecast can t find the chromecast. also many other s show the cast button randomly. and last the cast from the notification bar can t seem to find it any longer either.. i have a nexus 6p and a pixel c. same issue on both.,b
doesn t work!,b
keep disconnect from my phone why i think it s the google cast it s self or both #update# just try allcast and it work perfectly so it s this total rubbish,b
work half the time actually cause issue with playback of video,b
this be great connect to my sony smart tv . now it can t seem to connect . what be i do wrong. update i reinstal the reset my tv reboot my router . everything work fine for about 15 minute then the same problem start again. i try a different stream it work fine no problems. so the problem be google cast .,b
test on s5 android 6.. do everything. total phone mirror,b
yeah work when i first get it now when i cast screen and connect it but when i do it s just a black screen on my tv,b
new update remove the ability to cast movie from certain website on google chrome .. i hate it.. i can t cast on my favorite site..,b
i have the galaxy s7 and note 5 and some other device the cast on all of them be shotty and never last to long. the only thing that work with out fail be the backdrop,b
t find my chromecast on any device. what a waste and total bs,b
i m tired of always have to unplug and restart the chromecast audio because be not find by the phone. fix this it have be a problem for a long time already,b
can t use it without wifi. what the fuck ?,b
very buggy. always have some sort of issue,b
read the hit or miss comments; it look like person be have trouble but it can be the device used to control chromecast. no issue with my nexus5 nor nexus5x.,b
since upgrade it drop network connection. very frustrating!,b
say it connect but nothing showing up on the tv when i hit the cast button.,b
piece of sht,b
chrome cast,b
plug chromecast to tv and it show only red light. tv show blank screen and sometime chromecast upon reboot. try each option give at troubleshoopt page but didn t work,b
it doesnt work!!!!!!!! why be that???? i hate it,b
how can i cast the screen,b
doesnt work its either audio or video it work in the start,b
purchase wooohooo! work alright! out of the blue stop work couldn t see cast symbol reset cast uninstall and reinstall chromecast on device follow prompt now instead of loading from my device it say load from nearby device and use password. i m the only device ha! all of sudden it cant read my device only by putt in the password. never have be on guest to use the password. thx goodness password on wallpaper screenye woe its me it be working but go round the bush a few time before it works. omfg!!!,b
sometimes win t play.,b
great idea. awesome when it does decide to work. please stop the connection drops!  update this sucks so bad now. chromecast won t even start the setup to allow me to even attempt a reconnect. do not buy this cheap crap. update working much better now,b
i cannot get this to cast anymore. very frustrating.,b
say that dell venue be not supported. please make it support but it work well with sony and samsung phone,b
cast button on pandora disear with update. please help!!! galaxy note 5,b
please make chromecast and chomecast audio able to sync in order to play the same source content. example chromecast to tv used google play movie and chromecast audio to a nearby speaker play only the audio content from google play movies. this will allow virtually any speaker to become a sound bar .,b
freezes n doesnt cast wat on the screen ..,b
i have android 4.4.2 and the screen mirror doesn t work. why????? the youtube work,b
this be great with the exception of netflix. their will not cast unless logged out and then log back in. really an annoying process. i have raise the issue many time with them. maybe you will have better luck.,b
recent update have make it crap please fix this google then i might give a more generous rating.,b
everytime i try to cast from my phone it pop up ready to cast but do nothing. my chromecast be in the same room no more than 6ft away. work great on my tablet even if i m in another room. please fix this. my tablet be not always charge like my phone,b
used to work when it be just call chromecast now it just force close as soon as i open it. oneplus 2 cm13 mm 6.0,b
couldn t down load the ..,b
always have issue very buggy,b
work well and allow me to broadcast from my phone tablet and laptop.,b
no smart tv but have an available hdmi port and have wifi? affordable tech bargain for the price. this be probably more about the device than the but to me they go hand in hand. sometimes glitchy but if you expect perfection then you ll be disointed. feature change and other s get add periodically.,b
easy to watch youtube \u0026amp; video from many other s on my tv. when i switch phone \u0026amp; couldn t get it to work anymore i just open the \u0026amp; follow the problem solve directions. verizon lg g4.,b
this be the killer for phones. period. but it need to work without hassle. right now i ve just update and go from work to broken. no good.,b
can t maintain connection to any chromecast audio device for longer than 30 minutes. the latest update actually make thing worse reduce reliable connection time to under ten minutes. and now it often require a complete reboot of wi fi chromecast device and phone in order to get it to work again. note that this problem do not ly to chromecast video devices. chromecast audio badly need a firmware update and this need a rethink.,b
this be only if you have the chromecast device. you need the device to stream your phone tablet or computer run the chrome browser or chrome ium os,b
not sure why this do not allow to forget wi fi network anymore? i can t reconnect my chromecast to my new wifi network,b
i cannot update album to be shown.,b
please solve the privacy issue,b
great to support chromecast,b
this win t download on multiple android devices..,b
too many issue buy a roku. you ruin a great thing.,b
it s not let me do what you guy advertise cast to my screen. video will play on my phone but when i select cast screen it stay black. what s the point of even have your chromecast if it doesn t do what i paid it to do? it s not just my phone. my fiance s do the exact same thing so it s your lication,b
at 1st i be able to cast video from any website but the recent update i can only cast from youtube even if i cast from my phone there be a lag and hang even it 20 mbps speed. google product be very disoint in the product,b
work perfect for age with no sync or connectivity issues. now i can only cast from my phone. this medium be not available when i try to cast from my pcserver,b
i wouldn t be without it!,b
now the chromecast dongle not pick up any signal after update. be the rating fake by google staff? if you think of buy stop until they resolve.the problem.,b
work perfectly with my note 5!,b
i have struggle with this on chromecast2 now for 2mo. i have strong fast wifi yet this constantly disconnects. cc say it have 4bars max signal and be plug into wall socket. all other device laptop tablet smartphone and roku work flawlessly. more frustration than its worth. in my opinion this be a beta!,b
this work wonderfully to cast video movie picture etc. to my devices.,b
completely crash on me. wouldn t let me disconnect even though it wasn t connect in the first place,b
at least on my internet connection! i have the old chromecast and whenever i try to set mine up the process always freeze at connect the chromecast to my internet. i know it s a problem with my internet because when i try the setup at my cousin house it work flawlessly. the chromecast be work fine before i switch isp s to the same one my cousin have so if someone from google can help me out i would be overjoyed. i love my chromecast so much before the incident.,b
still need fast forward function for netflix and other popular s. stream from webpage like vodlocker work well but can get stick on a loop where even after you re do the chromecast restart wake my tv up after i ve close the and stop casting.,b
not cast mobile with marshmallow only chrome,b
but since last week. it not cast anything to my tv anymore. if press the cast screen nothing work.,b
knock the chromecast and nexus off the internet. can t cast anything! now a piece of junk.,b
i get a lot of disconnect and that s a real pain as you can t then turn it off!!,b
buggy,b
1. why do i need a chromecast device when you can add an extension or an ?? 2. lose connection in middle of cast and do not reconnect. 3. difficult to understand and to what connect with what. shouldn t i be able to cast my phone to my tablet? or to my chrome browser? so only cast if you have a chromecast device,b
stop work on all my samsung device to cast screen.,b
it work fine but when i want to screen cast often it supposedly connect but no cast i have to restart my phone so that it start casting,b
will connect to my wi fi. then say device can tbe locate on network. be work fine.,b
keep get pop up about can t connect because of an incorrect password.,b
third update in less than a week this deserve no less than 5 stars. wts? still not working. fix this!,b
can t watch a movie and decide to watch another it will continuously go back to the previous thing you be cast,b
after the update it fail to find the device. but i guess once you turn off and on the router its back on line .,b
ok but not cool that google does not let you opt out of the location after they scred your wifi password.        should work with youtube but because youtube is not solely an audio it won t work.let the user decide if they need full video or not or ask them.         you should be able to use a chromecast device video to recieve just audio too. i would be nice to sync tvs and speakers across the house.,b
enjoy big screen via smart phone,b
jump on the chromecast bandwagon and doesn t seem like i will be leave anytime soon. keep bring more feature and update to the !,b
so i have 2 samsung tab4 mine have google cast and my husband s have chrome cast the old version . mine will not connect or find the 2 chrome cast i have in my house but but husband s work fine. i be restart my chrome cast almost everyday. tonight i reset my tab to factory setting because i think it have a problem but low and behold still don t work. i see a lot of complaint about this go on for month but seem like google don t really care. very disoint in this new version.,b
i have it for over a year and be be great. but fit the last month my s4 phone and tab4 wing stream. i reset the chromecast and do the setup. it say be connect to wifi and my phone and tab see the chromecast but they win t stream. this be brutal!,b
please fix it and then i will be give it 4 or 5 star,b
sudden lose connect all the time. have to un and reinstall again and again. still not for sure to connect back on,b
incompatible with samsung devices. i have try so hard to like this as much as i used to when i first purchase it. it will not show that my device be on my network. seem it have one problem after the next for the past 6 8 months.,b
be amazing but about the update ago i can no longer motor my phone photo etc to my tv. i always get the message season with chrome have ended. but it never even starts?! my phone be a google nexus 6p one would think a google phone would work well with google product i ve send emails error report and requested customer support and have not receive any help other than your message have be receive netflix and hulu work fine casting from my phone why can t my phone itself be mirror anymore?? so frustrate,b
the can t find my chrome. still!,b
always seem to lag from my phone when just screen mirror it then tend to be voice before lip move cause me to pause and then wait or back track what i be watch to catch up..worked great until add all the stuff for view,b
35$ and your regular tv become smart.. you can cast from different device pc tablet mobile.. ..,b
make the cast screen offline make it work with wifi but no internet connection.,b
it win t connect to my samsung galaxy j3 it say that if my phone run android 4.4.2 or higher it will work my phone run android 5.1.1 which be higher so why don t it work can u fix this issue please and i will give it 5 star,b
when i first download the it work great but since move i cannot get it to connect and cast any of the show from my s. it will read ready to cast on my tv and that s as far as i get with it. ridiculous!,b
absolutely doesn t work without internet you might as well install a door knob to your tv without internet. should at least be able to stream local content but no! sad,b
work perfect on my s6. every time i want to use it i have to delete data. please fix,b
audio and picture out of sync.,b
doesn t remember previous wi fi connections. i bring the chromecast with me frequently and i always have to do the setup every time.,b
cast button have disear on video plugin of website recently.,b
chromecast great unless used samsung tabletcrash system and restart tablet when you look at notification pull down. dont think i be the only one with this problem?,b
doesnt work,b
the only way to watch tv. thank google! youtube crash constantly. please fix it. netflix run flawlessly.,b
great device when it s working. however it win t maintain a connection once my phone go to sleep. it ll keep stream on the tv but it win t do anything on my phone such as stop the stream or forwardrewind.,b
the sound be out of sync and now that i have cable i can t use it at all. cable be used hdmi1 and the cast device doesn t work in hdmi2. it also keep say it s not optimize for my device. i have a samsung galaxy s5.,b
it need an option to uninstall updates! ever since the last update i can t use it on half the movie site i do before! please fix this,b
i have an ipad that connect perfectly fine. it never disconnects. however my son s android tablet doesn t work and neither do my android phone. it just seem unfair that i have to bring the ipad out when used my phone be much more convenient. fix this and you ll get 5 stars.,b
very glitchey and always freeze when i first get chromecast i would have give it 5 star but after the last couple of update it s now a 1.,b
it be a great and great device but the one thing it be lack be be able to lock the chromecast so that everyone who want to cast anything have to put in a special code or something like that just be able t lock it please!,b
start by working very satisfactorily but now require a router reboot bt 5 in order for any device asushd7 samsung 4 to find it,b
last time i still can use chrome s to cast in my tv. but now the casting icon disear from the chrome s. may u guy fix it asap,b
i be try to cast my cable connect pc to chrome chast but it can not find it. i have to reset the chromecast every time i want to do it . i have be successful in cast wireless connect device to chrome cast but not cable connect ones.,b
it work really well when i first get it. now it s not compatible to any of my device and i keep rebooting but nothing works. then it send me somewhere to fix it but still i can t get it to work.,b
can t figure out configuration . do i pay for such a user unfriendly,b
as i have a lower than average broadband speed stream video just doesn t work. i buy this to use guest mode and use my phone data plan as that work greatexcept guest mode doesn t work.,b
doesn t work willk with s7,b
i agree with othersneither of my comecast v.1 adapter get past the re verification stage after the update nor do my tablet or laptop. bug alert!,b
tablet will freeze poor connection bad graphic google play will crash if i try to be rational and yes i have the required version.,b
keep lose connection with my cromecast,b
i watch tv show through a website and the chromecast icon no longer show up to cast it. everything be work great until a couple of week ago and now my phone win t cast anything unless it s directly from a support . what give google? why do this to loyal customers? i didn t buy this thing to go on youtube.,b
say no nearby device when try to connect. yet i know the device be connect to my wifi. can t find it. useless. be work before without problem and now doesn t work at all.,b
it doesn t cast any of my s anymore. this be the worst change to chrome cast ever. so disointed. i even check on the compatibility and my device be listed. it can t find the device when i search for it. need a fix now.# ! $@,b
i ve have my chromecast for a couple year within the last few month all the update have screw everything up. nothing will connect anymore. it s so useless and inconvenient now! goodbye google cast or chromecast.. more like suck cast.,b
update be the pit when they they muck up an that be work fine,b
it s cool. but i wish it can stop lag thru this android phone i buy to go with it. due to the fact my whole house have le products.,b
it do not cast my screen for very long. maybe if i m lucky it will for 20 minutes. showbox do not have the option to cast movie so i try to cast my screen to watch movies. i find it very uncomfortable for watch movie on my phone. i don t know if i m the only one with this problem but its be hen for quite some time now. just figured it would be fix by now but other than that it s a great . i ll rate 5 star once the problem be note and fixed. thank you.,b
have stream issue and playback where i left off from computer and phone be all pff. it win t allow me to rewind on my computer.,b
i m try to use my android as a type of video input on my tv yet the be complicate and difficult i don t have wifi so do that mean i can t? please reply,b
i get a buggy double screen on the tv and the display of my phone be mess up.,b
latest update sucks!! say my nexus 6p be not optimize for screen casting. only start pop up after the latest update.,b
what the hell hen. i cant screen mirror anymore. the movie play for 10 sec and then stops. why do yall even mess with it. get it right. right now. im try to watch a movie,b
older version be very much batter,b
we have be used chromecast for over a year and never have an issue. since the update we can not get it to connect. when it do it only stay connect for a minute or two. very disointed. go to toss it and use something else. you ruin a great product.,b
except the lack of very cool and some network issue work perfectly!,b
have network issue and sometimes can t find device,b
be it posable to watch movie that be downloadod on ur phone and don t have to use ur datum,b
screen mirror hardly ever work which be really frustrate,b
love old version more that we can cast any video from a chrome website. now cant do anything it get suck. and annoying more that we have to used youtube or pay movie to watch. such a wast of money to get this chromecast. please fix it and make it back to the old version thank . that we all can watch on the website into the tv and we can still used our phone. i hate the mirror part the whole phone get into the tv u cant do anything why wayching move with the whole phone connect into the tv. fix it.,b
can only watch on tiny screen. the only way to watch tbs on a tv ears to be if you watch it on cable. tbs be the most frustrating network.,b
work perfectly the first week on my lg g5 but after that it wouldnt connect to netflix so i look up in the internet why and arently this chromecast device doesnt work on lg g5 my only question be why be it work the first week? its kind of confuse it work on the newest samsung galaxy s7 but not on the lg g5. please try to fix this!,b
freeze a lot,b
i frequently use my chromecast in two location and have to set up the wifi each time. it would be great if the cast can store multiple network configurations.,b
before it work fine but after update your its not connect anymore!,b
with the recent update. i m no longer able to use my chromecast from my phone. i go from used it with no issues. to once the update complete i can t even connect to it. horrible update and now i be upset i can t use my chromecast anymore. please fix this.,b
everything seem to work great but there be no way to send it to my sd card to free up memory on my device seriously fix this one thing and you will have a great,b
the recent update win t let me use my chrome to stream show anymore.,b
keep get disconnect and video be choppy i m used 3 google product chromecast nexus 6 phone and a google onhub you d think it would work flawlessly.,b
not able to connect to my galaxy tab e. ok with my galaxy grand prime phone. why?,b
just say load backdrop perpetually. send my new chromecast back to google because they can t leave thing alone. stop mess with it! i will try an amazon fire stick instead at least amazon have customer service,b
its a junk. i try to use my phone as a wifi spot an it turn my wifi off. its seem that you have to use another wifi ratter that your own phone that suck. im take this dump back to the store.,b
it win t stay connect to my galaxy note 4,b
galaxy note 5. randomly lose connection. reboot every 5 minutesjust go to throw away and get roku,b
newer isn t always the way.,b
the website i used the most to watch everything from i can no longer cast from with this new update. what s the point in used this when you can t watch the thing you be try to watch?,b
i ve have the same chromecast for a very long time and never have any problem out of it but about a week ago my phone stop be able to connect to it and i don t know how to fix it my chromecast used to be one of my favorite thing in the house now it s completely useless,b
why i cant download the ?? be here for 1 hr its not download,b
doesn t load with netflix the load screen come up than nothing. galaxy s7 all s up to date.,b
doesn t recognize my xbox but work on my chromecast,b
purchase the 2015 model \u0026amp; let s just say that it s irritating constantly every 2 week have to reconnect to the internet which be ridiculous especially when i hav 75 mb per sec thru xfinity so if u want a cheap low grade device get a chrome now u want the best get a fire or roku device they never hav issue with internet oh i m get 72 mbs clean so buy at ur own risk,b
i can t cast to my tv. this be stupid.,b
you need to change it so you can mirror your whole phone at all time,b
i can t even get past the tuturial my screen keep turn black and then say chromecast have stop respond when i press continue.,b
i freeze feature where you can freeze the screen,b
now you block all chrome pop out video so i can t watch thing on the website where i have membership but no space to download the s!!!!!!! horrible!,b
overall its good just wont connect sometimes n have nothing to due to my internet which working fine at moment this want go crazy,b
crash often or wont connect very unreliable,b
be you aware of it? chromecast icon be no longer avaliable while play video in chrome broeser. that make my chromecast an usele investment. basically you kill two google product for me with just one hit.,b
i can cast to anything except netflix be have a really hard time with it it win t connect. i have do everything i can think of!,b
